{"cameraMode":{"drawMode":0,"name":"Shaded","section":"Shading Mode"},"sceneLighting":true,"audioPlay":false,"sceneViewState":{"showFog":true,"showMaterialUpdate":true,"showSkybox":true,"showFlares":true,"showImageEffects":true,"showParticleSystems":true},"in2DMode":false,"pivot":{"x":12.024711608886719,"y":3.0246047973632814,"z":14.440362930297852},"rotation":{"x":0.06746397167444229,"y":0.3004874885082245,"z":-0.021313084289431573,"w":0.9511582851409912},"size":10.0,"orthographic":false}